family,metric,station,param,S1,S1_conf,ST,ST_conf
raw,argmax,BARENTS,energy_transfert,0.0,0.0,0.0,0.0
raw,argmax,BARENTS,gamma_lambda_temperature,0.0017830251166872195,0.0036084012164730654,0.01956380696951866,0.005881591346898787
raw,argmax,BARENTS,gamma_tr,0.006036247374371471,0.015957638072408256,0.22543992300739654,0.020471398088185846
raw,argmax,BARENTS,lambda_temperature_0,0.03488571468923898,0.010683600030935722,0.1382760553503172,0.012617030062216091
raw,argmax,BARENTS,tr_0,0.7245387082340768,0.02948113500471072,0.9599872535532287,0.021212848330508443
raw,argmax,BATS,energy_transfert,0.0,0.0,0.0,0.0
raw,argmax,BATS,gamma_lambda_temperature,0.004765508246176605,0.005539659364093757,0.04122715985592963,0.011396186434956527
raw,argmax,BATS,gamma_tr,0.6000134316485375,0.03792741933823608,0.8487743205318485,0.04027971423993072
raw,argmax,BATS,lambda_temperature_0,0.002683358117198565,0.0035899219141539503,0.01604890032275452,0.008209939577990868
raw,argmax,BATS,tr_0,0.1358445835195574,0.020063128818235517,0.401152778217314,0.02939565682601665
raw,argmax,Bay_of_Biscay,energy_transfert,0.0,0.0,0.0,0.0
raw,argmax,Bay_of_Biscay,gamma_lambda_temperature,0.023902093492037056,0.009802676296285125,0.0727145329327024,0.01779333669677216
raw,argmax,Bay_of_Biscay,gamma_tr,0.3875720779189648,0.03127585274554537,0.7462463367258763,0.027633548594184636
raw,argmax,Bay_of_Biscay,lambda_temperature_0,0.029976605887410687,0.015122031795185524,0.14297253191489726,0.030797598946584945
raw,argmax,Bay_of_Biscay,tr_0,0.18829271034152792,0.020047197842953727,0.528924670535386,0.038073228624101174
raw,argmax,Canaries,energy_transfert,0.0,0.0,0.0,0.0
raw,argmax,Canaries,gamma_lambda_temperature,0.007695749695355128,0.009681513922349876,0.07447119488595297,0.018370649309773637
raw,argmax,Canaries,gamma_tr,0.5386030780838345,0.03686178430783776,0.8051920260755572,0.03433269026791346
raw,argmax,Canaries,lambda_temperature_0,0.008131060088828239,0.00966077063564928,0.04964983128132465,0.014364825831644864
raw,argmax,Canaries,tr_0,0.15863348712545336,0.01957271553605112,0.40411164626452145,0.02368753915630417
raw,argmax,HOT,energy_transfert,0.0,0.0,0.0,0.0
raw,argmax,HOT,gamma_lambda_temperature,0.008252043820216732,0.020174562582725486,0.4504884012603819,0.02953737751313153
raw,argmax,HOT,gamma_tr,0.09816890567663321,0.029018722957400944,0.8181245237310178,0.03570624951819865
raw,argmax,HOT,lambda_temperature_0,0.03692640491913268,0.021696097972379022,0.435326050508901,0.03139135706657838
raw,argmax,HOT,tr_0,0.027956435980964905,0.02331661124567167,0.6825425235162855,0.03366634148961684
raw,argmax,PAPA,energy_transfert,0.0,0.0,0.0,0.0
raw,argmax,PAPA,gamma_lambda_temperature,0.009016771178967275,0.014246811241456173,0.22834271006075632,0.01460191298869064
raw,argmax,PAPA,gamma_tr,0.1777047382170112,0.02777623048060302,0.7919210897868671,0.024517985965598482
raw,argmax,PAPA,lambda_temperature_0,0.03594000100097135,0.017752566693028552,0.30335240804486086,0.019089891147257485
raw,argmax,PAPA,tr_0,0.1079915995044138,0.0247813917334429,0.7356565245565055,0.02250501106887793
raw,mean,BARENTS,energy_transfert,0.09159291193895205,0.013895616908401189,0.32429723570638963,0.046952110756398845
raw,mean,BARENTS,gamma_lambda_temperature,0.0018463452816326804,0.0022538416949869342,0.008561922654642744,0.0010513245516007076
raw,mean,BARENTS,gamma_tr,0.00033427687543793064,0.0006326768141043708,0.000612406727235461,0.00014712391221686529
raw,mean,BARENTS,lambda_temperature_0,0.6761195977885909,0.08539706447457816,0.9097022664766609,0.06859891405141444
raw,mean,BARENTS,tr_0,0.0011603993727552831,0.0016147289442090416,0.005600870417734446,0.0015053680950898238
raw,mean,BATS,energy_transfert,0.033467354412822434,0.019267667539970064,0.2895292852195561,0.09985138082988504
raw,mean,BATS,gamma_lambda_temperature,0.12895274272839335,0.05109785511925248,0.6049100266394083,0.14701626706793267
raw,mean,BATS,gamma_tr,-3.806071083114335e-05,0.000326411207761257,0.00029933592587533204,9.966317515617998e-05
raw,mean,BATS,lambda_temperature_0,0.27349409235921285,0.08822637626988637,0.7974328668258117,0.14873322715431117
raw,mean,BATS,tr_0,1.105065088399141e-05,0.00016200069998280182,0.00014006901768989484,6.665415228251172e-05
raw,mean,Bay_of_Biscay,energy_transfert,0.03999027643249546,0.017890654699231855,0.29082356956538186,0.07571276159368942
raw,mean,Bay_of_Biscay,gamma_lambda_temperature,0.08771603998398074,0.03426882509205831,0.4560428376954008,0.10378063884487762
raw,mean,Bay_of_Biscay,gamma_tr,4.313152920748431e-05,0.0002944534507856685,0.00017396225038550153,6.0381613999343546e-05
raw,mean,Bay_of_Biscay,lambda_temperature_0,0.38342781049027663,0.09024923831814283,0.8461707754845085,0.13093257567807087
raw,mean,Bay_of_Biscay,tr_0,7.064844835515905e-05,0.000216072685910092,0.00012288720753431064,4.826463501451827e-05
raw,mean,Canaries,energy_transfert,0.033712561343690564,0.02022740357981338,0.2890165481230467,0.10233546543503505
raw,mean,Canaries,gamma_lambda_temperature,0.11553499129395263,0.04384764888050293,0.5741768094250947,0.13603671778658946
raw,mean,Canaries,gamma_tr,-9.693375692483015e-06,9.406755508800477e-05,5.447700318366865e-05,3.601139387735061e-05
raw,mean,Canaries,lambda_temperature_0,0.2970900309481443,0.07591674066044277,0.8140616553381979,0.12674741939525652
raw,mean,Canaries,tr_0,4.099893314046918e-05,8.583764586773219e-05,3.436279085352903e-05,3.108349257982213e-05
raw,mean,HOT,energy_transfert,0.029711663534036255,0.020069075387283853,0.2870013046200329,0.08942297178307816
raw,mean,HOT,gamma_lambda_temperature,0.13533922580507463,0.06288989747557305,0.6510882204529067,0.16963045601343416
raw,mean,HOT,gamma_tr,-3.396821487635817e-05,8.544297077069622e-05,5.882344763484505e-05,3.3101458489195706e-05
raw,mean,HOT,lambda_temperature_0,0.23790814261128979,0.08291476411129581,0.7920496124858438,0.16231272978206632
raw,mean,HOT,tr_0,1.5669360547254967e-05,5.417314835975209e-05,3.407841756452059e-05,2.5600789795420123e-05
raw,mean,PAPA,energy_transfert,0.04751535105990571,0.017317851069623188,0.2923165383550387,0.06390702332363105
raw,mean,PAPA,gamma_lambda_temperature,0.05719592085587083,0.022859759178910363,0.3059389979872694,0.05837653505900749
raw,mean,PAPA,gamma_tr,-0.00016959819847627805,0.0007704465512663151,0.0009640812209194401,0.00016164838854183726
raw,mean,PAPA,lambda_temperature_0,0.4887361241712995,0.1035218673225389,0.8794536573816918,0.11310398106438888
raw,mean,PAPA,tr_0,-3.2772927114990137e-05,0.0005782081920539707,0.0007629213059546518,0.00017595222843033584
raw,variance,BARENTS,energy_transfert,0.16205611863433056,0.025444701346908075,0.5577287897094021,0.09539822714756484
raw,variance,BARENTS,gamma_lambda_temperature,0.004121527879621097,0.005979651800661086,0.02808192147517122,0.004646868652917086
raw,variance,BARENTS,gamma_tr,0.0009296525998464402,0.00233989727628789,0.009002137863890489,0.002678672992791518
raw,variance,BARENTS,lambda_temperature_0,0.3532606195040968,0.06007430641710887,0.8046941107973414,0.08701591405042403
raw,variance,BARENTS,tr_0,0.021231788500728318,0.013399693328386727,0.20375248923907524,0.051041436831991915
raw,variance,BATS,energy_transfert,0.04354008970985795,0.03199487655515078,0.42676813114932066,0.13852787039539985
raw,variance,BATS,gamma_lambda_temperature,0.0661732575349824,0.026033634907992695,0.4573588204858658,0.11350491061015368
raw,variance,BATS,gamma_tr,-0.0013244960947749144,0.002828004282100321,0.03396324873823195,0.016314888471547447
raw,variance,BATS,lambda_temperature_0,0.1963865654442111,0.06605682591702791,0.6973198043058388,0.15482413900667913
raw,variance,BATS,tr_0,-0.00017258762565870486,0.0010507765036429585,0.016079924164193134,0.013711345163659551
raw,variance,Bay_of_Biscay,energy_transfert,0.0654229267372613,0.022777052960233087,0.5464701269554405,0.22269916878986143
raw,variance,Bay_of_Biscay,gamma_lambda_temperature,0.07299674931589195,0.03122186021258176,0.3648055804291739,0.11043464374055903
raw,variance,Bay_of_Biscay,gamma_tr,0.005225603453682932,0.005286463195902393,0.02077779442506042,0.0069805089576640495
raw,variance,Bay_of_Biscay,lambda_temperature_0,0.25243038521232836,0.0702974955172718,0.6947370219490103,0.15080959428631557
raw,variance,Bay_of_Biscay,tr_0,0.0030878675132063904,0.00327623701178576,0.016041217801926,0.009133819670162942
raw,variance,Canaries,energy_transfert,0.0259313997541572,0.023489782818239133,0.38159254985909974,0.2989049641472728
raw,variance,Canaries,gamma_lambda_temperature,0.02620288504272118,0.01755886008015635,0.25808578903167123,0.14857272758407072
raw,variance,Canaries,gamma_tr,0.0009196849448057133,0.0024384728238454863,0.05308008695355324,0.0400952022332184
raw,variance,Canaries,lambda_temperature_0,0.2122758569497465,0.10386324090215415,0.563128332540531,0.2927020008805926
raw,variance,Canaries,tr_0,0.0004889584155246511,0.001597850632280395,0.039985625638470634,0.05137054855658328
raw,variance,HOT,energy_transfert,0.011754067538793938,0.0178998422347087,0.4176876327133454,1.1248224961273496
raw,variance,HOT,gamma_lambda_temperature,0.02359292186926389,0.03090603210467028,0.30060626242750077,0.400941975071229
raw,variance,HOT,gamma_tr,-2.825951837821909e-05,0.0011337863892224682,0.0461382036307067,0.06640295359597287
raw,variance,HOT,lambda_temperature_0,0.09591711256842964,0.10688015756403516,0.414568198679772,0.5272546855196885
raw,variance,HOT,tr_0,3.318875807277351e-05,0.0005963817647622479,0.029271571857978955,0.049607543575234544
raw,variance,PAPA,energy_transfert,0.07015152034707146,0.029235391553171106,0.47329453245751074,0.1682418447296888
raw,variance,PAPA,gamma_lambda_temperature,0.04551683632624319,0.017621936543565666,0.22051257512056274,0.07895988626487771
raw,variance,PAPA,gamma_tr,0.009762865343768204,0.016506879748882416,0.27070771377573244,0.12322578835081326
raw,variance,PAPA,lambda_temperature_0,0.21048095907603576,0.08507633792351138,0.7052781361519672,0.22786943980463034
raw,variance,PAPA,tr_0,0.005781650736263395,0.008742520377316826,0.1681622924506156,0.07114594791697203
robust,CV,BARENTS,energy_transfert,-1.3194141751625333e-17,2.904696227975312e-17,1.0312907460399977e-30,8.535671363800635e-32
robust,CV,BARENTS,gamma_lambda_temperature,0.0035598274100439886,0.0028777817642705534,0.009177848157943836,0.0005571917627214796
robust,CV,BARENTS,gamma_tr,0.002071044320580755,0.005724739044867156,0.03820560302005278,0.0022599754616238954
robust,CV,BARENTS,lambda_temperature_0,0.8754376375415501,0.031846620177325424,0.9113289994645829,0.023104946522467897
robust,CV,BARENTS,tr_0,0.056686897622880615,0.01032183874705505,0.10915902159290895,0.005991475476042673
robust,CV,BATS,energy_transfert,-9.282745835999346e-18,2.203456846333237e-17,5.5267483200126485e-31,2.4053707881322023e-32
robust,CV,BATS,gamma_lambda_temperature,0.7265475351613974,0.02598429388276758,0.8096031736854307,0.025455378809162293
robust,CV,BATS,gamma_tr,0.024261919676650485,0.008744587939865286,0.08216274363833406,0.007838101471946112
robust,CV,BATS,lambda_temperature_0,0.1453882786138954,0.017667564340205118,0.19155494494906058,0.011980712194931607
robust,CV,BATS,tr_0,-0.0012564581389753191,0.006349013934907633,0.03571056847694588,0.003488260438185159
robust,CV,Bay_of_Biscay,energy_transfert,5.183244425526979e-18,2.32022611943406e-17,5.868885636632255e-31,2.3651916670811638e-32
robust,CV,Bay_of_Biscay,gamma_lambda_temperature,0.3874036419834852,0.02076167747683113,0.4408777633944478,0.01728483685642716
robust,CV,Bay_of_Biscay,gamma_tr,0.08511468987442664,0.009986931667015881,0.12536755595309698,0.006297906042163134
robust,CV,Bay_of_Biscay,lambda_temperature_0,0.4347131574328382,0.02911843200881462,0.4773027988495965,0.01879065678425936
robust,CV,Bay_of_Biscay,tr_0,0.007204284982655759,0.006234088266241728,0.04129779330528156,0.003613277557996813
robust,CV,Canaries,energy_transfert,4.399201349892002e-18,1.6906247926313758e-17,3.272908531613061e-31,1.870022702224423e-32
robust,CV,Canaries,gamma_lambda_temperature,0.8305745709814759,0.024592803229910424,0.8583014120878417,0.02426028371041051
robust,CV,Canaries,gamma_tr,0.04318260989018247,0.007790106251659265,0.08643420011073981,0.0065086385269619695
robust,CV,Canaries,lambda_temperature_0,0.0719921549907974,0.0099914306836396,0.08204704060557481,0.00399996006755718
robust,CV,Canaries,tr_0,-0.002702383986399807,0.004983058613213272,0.03057935798073194,0.002481968984558199
robust,CV,HOT,energy_transfert,-5.5691479680364296e-18,1.7481683950045414e-17,3.475331926773243e-31,2.3554793034017665e-32
robust,CV,HOT,gamma_lambda_temperature,0.6762528955977981,0.022480811264735747,0.7496923635526013,0.024907031338665557
robust,CV,HOT,gamma_tr,0.0832165863283671,0.01315226125181913,0.18147846438929932,0.010285016806789844
robust,CV,HOT,lambda_temperature_0,0.07638193798752825,0.008920870898042804,0.10034893472615244,0.004951525788560661
robust,CV,HOT,tr_0,0.028128142294696852,0.011052144595815454,0.11140722431331102,0.006742907285114225
robust,CV,PAPA,energy_transfert,9.98165309742126e-18,1.7194558135561643e-17,2.667953569810715e-31,1.6571719978189844e-32
robust,CV,PAPA,gamma_lambda_temperature,0.091403653736876,0.012455198736129734,0.18646982281241495,0.010577818788648847
robust,CV,PAPA,gamma_tr,0.1259869343807888,0.01630094738896556,0.30733841544506835,0.013578498236185512
robust,CV,PAPA,lambda_temperature_0,0.2856556503213342,0.020492719329805058,0.3205029515275172,0.017158460571990004
robust,CV,PAPA,tr_0,0.2524736768599372,0.020351609110558208,0.4717332876303623,0.02378334280808742
robust,circular,BARENTS,energy_transfert,0.0,0.0,0.0,0.0
robust,circular,BARENTS,gamma_lambda_temperature,-0.0014198002341720562,0.0029377719331107398,0.013148588112861013,0.0017003142726246786
robust,circular,BARENTS,gamma_tr,0.024410265042592333,0.013244600692764964,0.18182329344921505,0.009359846258501354
robust,circular,BARENTS,lambda_temperature_0,0.003873759567849559,0.014766406196389897,0.17845747380772348,0.009159575728655184
robust,circular,BARENTS,tr_0,0.6882546095641341,0.027126771802608987,0.9571513480599134,0.021654078140935232
robust,circular,BATS,energy_transfert,0.0,0.0,0.0,0.0
robust,circular,BATS,gamma_lambda_temperature,0.004714457404627493,0.006468792034566379,0.04966875504975998,0.0062210040116864335
robust,circular,BATS,gamma_tr,0.5403483543830387,0.036955059967360766,0.8728756892435445,0.03447081074714347
robust,circular,BATS,lambda_temperature_0,0.00012097186026014988,0.004603053443039276,0.018615638993539314,0.003349255922842745
robust,circular,BATS,tr_0,0.10890726110496653,0.022043984561646933,0.4522184176629598,0.027112574195613335
robust,circular,Bay_of_Biscay,energy_transfert,0.0,0.0,0.0,0.0
robust,circular,Bay_of_Biscay,gamma_lambda_temperature,0.019828326446982472,0.007654878639429993,0.060316966378364666,0.004858260697939296
robust,circular,Bay_of_Biscay,gamma_tr,0.4304015725088748,0.02702430226328371,0.7515856642207233,0.0285812870926392
robust,circular,Bay_of_Biscay,lambda_temperature_0,0.029417107435755437,0.008669169199591325,0.07751001156583516,0.006482972630478943
robust,circular,Bay_of_Biscay,tr_0,0.18099567881909295,0.019849821018961548,0.4864239709321903,0.023613914096697667
robust,circular,Canaries,energy_transfert,0.0,0.0,0.0,0.0
robust,circular,Canaries,gamma_lambda_temperature,0.005244874321847832,0.009698345887316733,0.06732433284378525,0.010147855225903701
robust,circular,Canaries,gamma_tr,0.497491797530688,0.03233544355229923,0.851249849743706,0.03395216392988559
robust,circular,Canaries,lambda_temperature_0,0.005947174935300203,0.005981832866573318,0.04515769019305652,0.008290633550477709
robust,circular,Canaries,tr_0,0.13065380353606507,0.019972726542592183,0.46547236702420824,0.02533378636416773
robust,circular,HOT,energy_transfert,0.0,0.0,0.0,0.0
robust,circular,HOT,gamma_lambda_temperature,0.06370960979585179,0.024790346614185072,0.4958188774178124,0.02678808963742018
robust,circular,HOT,gamma_tr,0.07989824947726339,0.02790046296157482,0.8054240906650787,0.03363274181814808
robust,circular,HOT,lambda_temperature_0,0.027659195462294433,0.019332767987270242,0.3863217791904514,0.027758888729706565
robust,circular,HOT,tr_0,0.014608207030715145,0.02437241062900528,0.6793106571393354,0.029075138660995023
robust,circular,PAPA,energy_transfert,0.0,0.0,0.0,0.0
robust,circular,PAPA,gamma_lambda_temperature,0.04401157394947513,0.01784279657065446,0.3076966430350775,0.014517614123164517
robust,circular,PAPA,gamma_tr,0.21441692876142857,0.02677765981053156,0.7667476083897973,0.021993168213187156
robust,circular,PAPA,lambda_temperature_0,0.005929927766991699,0.014586788060784608,0.2183150739694864,0.010563719029273095
robust,circular,PAPA,tr_0,0.08014585108677155,0.025880307180522713,0.65473150286225,0.02027987555978913
robust,log10(mean),BARENTS,energy_transfert,0.5747867681133582,0.03386526827282912,0.5753526323434494,0.019398361981589247
robust,log10(mean),BARENTS,gamma_lambda_temperature,0.007444124127255452,0.002796902237109498,0.007948937772670443,0.0003248110443207985
robust,log10(mean),BARENTS,gamma_tr,-7.898528926684122e-05,0.00054283978857871,0.0003225076083957447,2.00297050822631e-05
robust,log10(mean),BARENTS,lambda_temperature_0,0.4141967936466149,0.02310861681129296,0.41449667263404405,0.016681632204080254
robust,log10(mean),BARENTS,tr_0,0.0009840707102979434,0.0012333149756193057,0.001777050715421963,8.800164665773735e-05
robust,log10(mean),BATS,energy_transfert,0.27740517707936785,0.019743820740324197,0.27752857002313397,0.01170238602845363
robust,log10(mean),BATS,gamma_lambda_temperature,0.5074372215363335,0.02085266356683243,0.5076558004979154,0.016068796132376318
robust,log10(mean),BATS,gamma_tr,0.00027157344488619705,0.0005097224711468254,0.0003341822489861252,2.652361939596255e-05
robust,log10(mean),BATS,lambda_temperature_0,0.21434845106594674,0.015218349480305274,0.2144599842006932,0.008553950911831958
robust,log10(mean),BATS,tr_0,0.00012044663149732318,0.0004452424138600203,0.000175343829912254,1.5980818979178253e-05
robust,log10(mean),Bay_of_Biscay,energy_transfert,0.3787783109358673,0.026728870732378715,0.37901607488566114,0.016996748184468145
robust,log10(mean),Bay_of_Biscay,gamma_lambda_temperature,0.32381145545903534,0.018603235278035316,0.32399258892524657,0.012351607307083583
robust,log10(mean),Bay_of_Biscay,gamma_tr,3.105882549454369e-06,0.00026592998547541295,7.988470517571925e-05,8.096516712141143e-06
robust,log10(mean),Bay_of_Biscay,lambda_temperature_0,0.29640893198233953,0.02039362910048683,0.29655089120067096,0.01214426247897071
robust,log10(mean),Bay_of_Biscay,tr_0,4.3486738217404405e-05,0.0003350989615156178,0.00010403514253751923,9.939347238558119e-06
robust,log10(mean),Canaries,energy_transfert,0.30227669846965816,0.021036437017927668,0.3024348916602252,0.01324695682396172
robust,log10(mean),Canaries,gamma_lambda_temperature,0.461369761193939,0.01894042580952615,0.4615272726905691,0.01395328186465207
robust,log10(mean),Canaries,gamma_tr,7.419347955724706e-05,0.00023200759582146013,5.334947169195274e-05,4.833746414182109e-06
robust,log10(mean),Canaries,lambda_temperature_0,0.23572587545934137,0.017256133120982196,0.2358283610014445,0.009705195073029855
robust,log10(mean),Canaries,tr_0,5.1255739185871505e-05,0.00014403045280680154,2.8306283304291742e-05,2.992085821930634e-06
robust,log10(mean),HOT,energy_transfert,0.23814301943407334,0.01764252197462574,0.23824127960833347,0.009524821520426968
robust,log10(mean),HOT,gamma_lambda_temperature,0.575589876083216,0.020666701635619508,0.5757069628706064,0.01610277829969933
robust,log10(mean),HOT,gamma_tr,4.2265226595575294e-05,8.201301478412584e-05,8.354348553267237e-06,5.231637732418282e-07
robust,log10(mean),HOT,lambda_temperature_0,0.1858488302979644,0.014288039936367215,0.18593808495728226,0.007324871524749065
robust,log10(mean),HOT,tr_0,2.9647799833188558e-05,7.361982590574688e-05,6.174101724980939e-06,7.187890691955076e-07
robust,log10(mean),PAPA,energy_transfert,0.438217521208307,0.025877149991324105,0.4384177218713954,0.01701001860564672
robust,log10(mean),PAPA,gamma_lambda_temperature,0.20202177868520224,0.013625544913736378,0.20244678920384884,0.008734046697480373
robust,log10(mean),PAPA,gamma_tr,0.0014179986121142748,0.0018010976902779732,0.0029288313791205295,0.00016741124204388235
robust,log10(mean),PAPA,lambda_temperature_0,0.355110547641265,0.020181243034100585,0.3554276558413511,0.01356100855558751
robust,log10(mean),PAPA,tr_0,0.0004922533040737571,0.0011384928491681824,0.0018322322282333504,0.00010988903103081178
